hs6,year,n_eu_codes,min_mrl_weakest,lumped,stringency
070110,2015,1,0.01,0,4.6052
070110,2016,1,0.001,0,6.9078
070110,2017,1,0.001,0,6.9078
070110,2018,1,0.001,0,6.9078
070110,2019,1,0.001,0,6.9078
070110,2020,1,0.001,0,6.9078
070110,2021,1,0.001,0,6.9078
070110,2022,1,0.001,0,6.9078
070110,2023,1,0.001,0,6.9078
070190,2015,1,0.01,0,4.6052
070190,2016,1,0.001,0,6.9078
070190,2017,1,0.001,0,6.9078
070190,2018,1,0.001,0,6.9078
070190,2019,1,0.001,0,6.9078
070190,2020,1,0.001,0,6.9078
070190,2021,1,0.001,0,6.9078
070190,2022,1,0.001,0,6.9078
070190,2023,1,0.001,0,6.9078
070200,2015,1,0.01,0,4.6052
070200,2016,1,0.002,0,6.2146
070200,2017,1,0.002,0,6.2146
070200,2018,1,0.002,0,6.2146
070200,2019,1,0.002,0,6.2146
070200,2020,1,0.002,0,6.2146
070200,2021,1,0.002,0,6.2146
070200,2022,1,0.001,0,6.9078
070200,2023,1,0.001,0,6.9078
070310,2015,1,0.01,0,4.6052
070310,2016,1,0.002,0,6.2146
070310,2017,1,0.002,0,6.2146
070310,2018,1,0.002,0,6.2146
070310,2019,1,0.002,0,6.2146
070310,2020,1,0.002,0,6.2146
070310,2021,1,0.002,0,6.2146
070310,2022,1,0.001,0,6.9078
070310,2023,1,0.001,0,6.9078
070320,2015,1,0.01,0,4.6052
070320,2016,1,0.002,0,6.2146
070320,2017,1,0.002,0,6.2146
070320,2018,1,0.002,0,6.2146
070320,2019,1,0.002,0,6.2146
070320,2020,1,0.002,0,6.2146
070320,2021,1,0.002,0,6.2146
070320,2022,1,0.001,0,6.9078
070320,2023,1,0.001,0,6.9078
070410,2015,1,0.01,0,4.6052
070410,2016,1,0.002,0,6.2146
070410,2017,1,0.002,0,6.2146
070410,2018,1,0.002,0,6.2146
070410,2019,1,0.002,0,6.2146
070410,2020,1,0.002,0,6.2146
070410,2021,1,0.002,0,6.2146
070410,2022,1,0.001,0,6.9078
070410,2023,1,0.001,0,6.9078
070420,2015,1,0.01,0,4.6052
070420,2016,1,0.002,0,6.2146
070420,2017,1,0.002,0,6.2146
070420,2018,1,0.002,0,6.2146
070420,2019,1,0.002,0,6.2146
070420,2020,1,0.002,0,6.2146
070420,2021,1,0.002,0,6.2146
070420,2022,1,0.001,0,6.9078
070420,2023,1,0.001,0,6.9078
070511,2015,1,0.01,0,4.6052
070511,2016,1,0.002,0,6.2146
070511,2017,1,0.002,0,6.2146
070511,2018,1,0.002,0,6.2146
070511,2019,1,0.002,0,6.2146
070511,2020,1,0.002,0,6.2146
070511,2021,1,0.002,0,6.2146
070511,2022,1,0.001,0,6.9078
070511,2023,1,0.001,0,6.9078
070521,2015,1,0.01,0,4.6052
070521,2016,1,0.002,0,6.2146
070521,2017,1,0.002,0,6.2146
070521,2018,1,0.002,0,6.2146
070521,2019,1,0.002,0,6.2146
070521,2020,1,0.002,0,6.2146
070521,2021,1,0.002,0,6.2146
070521,2022,1,0.001,0,6.9078
070521,2023,1,0.001,0,6.9078
070529,2015,1,0.01,0,4.6052
070529,2016,1,0.001,0,6.9078
070529,2017,1,0.001,0,6.9078
070529,2018,1,0.001,0,6.9078
070529,2019,1,0.001,0,6.9078
070529,2020,1,0.001,0,6.9078
070529,2021,1,0.001,0,6.9078
070529,2022,1,0.001,0,6.9078
070529,2023,1,0.001,0,6.9078
070610,2015,1,0.01,0,4.6052
070610,2016,1,0.002,0,6.2146
070610,2017,1,0.002,0,6.2146
070610,2018,1,0.002,0,6.2146
070610,2019,1,0.002,0,6.2146
070610,2020,1,0.002,0,6.2146
070610,2021,1,0.002,0,6.2146
070610,2022,1,0.001,0,6.9078
070610,2023,1,0.001,0,6.9078
070690,2015,1,0.01,0,4.6052
070690,2016,1,0.002,0,6.2146
070690,2017,1,0.002,0,6.2146
070690,2018,1,0.002,0,6.2146
070690,2019,1,0.002,0,6.2146
070690,2020,1,0.002,0,6.2146
070690,2021,1,0.002,0,6.2146
070690,2022,1,0.001,0,6.9078
070690,2023,1,0.001,0,6.9078
070700,2015,1,0.01,0,4.6052
070700,2016,1,0.002,0,6.2146
070700,2017,1,0.002,0,6.2146
070700,2018,1,0.002,0,6.2146
070700,2019,1,0.002,0,6.2146
070700,2020,1,0.002,0,6.2146
070700,2021,1,0.002,0,6.2146
070700,2022,1,0.001,0,6.9078
070700,2023,1,0.001,0,6.9078
070810,2015,2,0.01,1,4.6052
070810,2016,2,0.005,1,5.2983
070810,2017,2,0.005,1,5.2983
070810,2018,2,0.005,1,5.2983
070810,2019,2,0.005,1,5.2983
070810,2020,2,0.005,1,5.2983
070810,2021,2,0.005,1,5.2983
070810,2022,2,0.001,1,6.9078
070810,2023,2,0.001,1,6.9078
070820,2015,1,0.01,0,4.6052
070820,2016,1,0.005,0,5.2983
070820,2017,1,0.005,0,5.2983
070820,2018,1,0.005,0,5.2983
070820,2019,1,0.005,0,5.2983
070820,2020,1,0.005,0,5.2983
070820,2021,1,0.005,0,5.2983
070820,2022,1,0.001,0,6.9078
070820,2023,1,0.001,0,6.9078
070920,2015,1,0.01,0,4.6052
070920,2016,1,0.002,0,6.2146
070920,2017,1,0.002,0,6.2146
070920,2018,1,0.002,0,6.2146
070920,2019,1,0.002,0,6.2146
070920,2020,1,0.002,0,6.2146
070920,2021,1,0.002,0,6.2146
070920,2022,1,0.001,0,6.9078
070920,2023,1,0.001,0,6.9078
070930,2015,1,0.01,0,4.6052
070930,2016,1,0.002,0,6.2146
070930,2017,1,0.002,0,6.2146
070930,2018,1,0.002,0,6.2146
070930,2019,1,0.002,0,6.2146
070930,2020,1,0.002,0,6.2146
070930,2021,1,0.002,0,6.2146
070930,2022,1,0.001,0,6.9078
070930,2023,1,0.001,0,6.9078
070940,2015,1,0.01,0,4.6052
070940,2016,1,0.002,0,6.2146
070940,2017,1,0.002,0,6.2146
070940,2018,1,0.002,0,6.2146
070940,2019,1,0.002,0,6.2146
070940,2020,1,0.002,0,6.2146
070940,2021,1,0.002,0,6.2146
070940,2022,1,0.001,0,6.9078
070940,2023,1,0.001,0,6.9078
070951,2015,1,0.01,0,4.6052
070951,2016,1,0.005,0,5.2983
070951,2017,1,0.005,0,5.2983
070951,2018,1,0.005,0,5.2983
070951,2019,1,0.005,0,5.2983
070951,2020,1,0.005,0,5.2983
070951,2021,1,0.005,0,5.2983
070951,2022,1,0.001,0,6.9078
070951,2023,1,0.001,0,6.9078
070959,2015,1,0.01,0,4.6052
070959,2016,1,0.005,0,5.2983
070959,2017,1,0.005,0,5.2983
070959,2018,1,0.005,0,5.2983
070959,2019,1,0.005,0,5.2983
070959,2020,1,0.005,0,5.2983
070959,2021,1,0.005,0,5.2983
070959,2022,1,0.001,0,6.9078
070959,2023,1,0.001,0,6.9078
070960,2015,1,0.01,0,4.6052
070960,2016,1,0.002,0,6.2146
070960,2017,1,0.002,0,6.2146
070960,2018,1,0.002,0,6.2146
070960,2019,1,0.002,0,6.2146
070960,2020,1,0.002,0,6.2146
070960,2021,1,0.002,0,6.2146
070960,2022,1,0.001,0,6.9078
070960,2023,1,0.001,0,6.9078
070970,2015,1,0.01,0,4.6052
070970,2016,1,0.005,0,5.2983
070970,2017,1,0.005,0,5.2983
070970,2018,1,0.005,0,5.2983
070970,2019,1,0.005,0,5.2983
070970,2020,1,0.005,0,5.2983
070970,2021,1,0.005,0,5.2983
070970,2022,1,0.001,0,6.9078
070970,2023,1,0.001,0,6.9078
070991,2015,1,0.01,0,4.6052
070991,2016,1,0.002,0,6.2146
070991,2017,1,0.002,0,6.2146
070991,2018,1,0.002,0,6.2146
070991,2019,1,0.002,0,6.2146
070991,2020,1,0.002,0,6.2146
070991,2021,1,0.002,0,6.2146
070991,2022,1,0.001,0,6.9078
070991,2023,1,0.001,0,6.9078
070992,2015,1,0.01,0,4.6052
070992,2016,1,0.003,0,5.8091
070992,2017,1,0.003,0,5.8091
070992,2018,1,0.003,0,5.8091
070992,2019,1,0.003,0,5.8091
070992,2020,1,0.003,0,5.8091
070992,2021,1,0.003,0,5.8091
070992,2022,1,0.003,0,5.8091
070992,2023,1,0.003,0,5.8091
070993,2015,1,0.01,0,4.6052
070993,2016,1,0.005,0,5.2983
070993,2017,1,0.005,0,5.2983
070993,2018,1,0.005,0,5.2983
070993,2019,1,0.005,0,5.2983
070993,2020,1,0.005,0,5.2983
070993,2021,1,0.005,0,5.2983
070993,2022,1,0.001,0,6.9078
070993,2023,1,0.001,0,6.9078
070999,2015,1,0.01,0,4.6052
070999,2016,1,0.002,0,6.2146
070999,2017,1,0.002,0,6.2146
070999,2018,1,0.001,0,6.9078
070999,2019,1,0.001,0,6.9078
070999,2020,1,0.001,0,6.9078
070999,2021,1,0.001,0,6.9078
070999,2022,1,0.001,0,6.9078
070999,2023,1,0.001,0,6.9078
071310,2015,1,0.01,0,4.6052
071310,2016,1,0.005,0,5.2983
071310,2017,1,0.005,0,5.2983
071310,2018,1,0.005,0,5.2983
071310,2019,1,0.005,0,5.2983
071310,2020,1,0.005,0,5.2983
071310,2021,1,0.005,0,5.2983
071310,2022,1,0.003,0,5.8091
071310,2023,1,0.003,0,5.8091
071333,2015,1,0.01,0,4.6052
071333,2016,1,0.005,0,5.2983
071333,2017,1,0.005,0,5.2983
071333,2018,1,0.005,0,5.2983
071333,2019,1,0.005,0,5.2983
071333,2020,1,0.005,0,5.2983
071333,2021,1,0.005,0,5.2983
071333,2022,1,0.003,0,5.8091
071333,2023,1,0.003,0,5.8091
071340,2015,1,0.01,0,4.6052
071340,2016,1,0.005,0,5.2983
071340,2017,1,0.005,0,5.2983
071340,2018,1,0.005,0,5.2983
071340,2019,1,0.005,0,5.2983
071340,2020,1,0.005,0,5.2983
071340,2021,1,0.005,0,5.2983
071340,2022,1,0.003,0,5.8091
071340,2023,1,0.003,0,5.8091
071410,2015,1,0.01,0,4.6052
071410,2016,1,0.002,0,6.2146
071410,2017,1,0.002,0,6.2146
071410,2018,1,0.002,0,6.2146
071410,2019,1,0.002,0,6.2146
071410,2020,1,0.002,0,6.2146
071410,2021,1,0.002,0,6.2146
071410,2022,1,0.001,0,6.9078
071410,2023,1,0.001,0,6.9078
071420,2015,1,0.01,0,4.6052
071420,2016,1,0.002,0,6.2146
071420,2017,1,0.002,0,6.2146
071420,2018,1,0.002,0,6.2146
071420,2019,1,0.002,0,6.2146
071420,2020,1,0.002,0,6.2146
071420,2021,1,0.002,0,6.2146
071420,2022,1,0.001,0,6.9078
071420,2023,1,0.001,0,6.9078
071430,2015,1,0.01,0,4.6052
071430,2016,1,0.002,0,6.2146
071430,2017,1,0.002,0,6.2146
071430,2018,1,0.002,0,6.2146
071430,2019,1,0.002,0,6.2146
071430,2020,1,0.002,0,6.2146
071430,2021,1,0.002,0,6.2146
071430,2022,1,0.001,0,6.9078
071430,2023,1,0.001,0,6.9078
071490,2015,1,0.01,0,4.6052
071490,2016,1,0.002,0,6.2146
071490,2017,1,0.002,0,6.2146
071490,2018,1,0.002,0,6.2146
071490,2019,1,0.002,0,6.2146
071490,2020,1,0.002,0,6.2146
071490,2021,1,0.002,0,6.2146
071490,2022,1,0.001,0,6.9078
071490,2023,1,0.001,0,6.9078
080111,2015,1,0.01,0,4.6052
080111,2016,1,0.01,0,4.6052
080111,2017,1,0.01,0,4.6052
080111,2018,1,0.01,0,4.6052
080111,2019,1,0.01,0,4.6052
080111,2020,1,0.01,0,4.6052
080111,2021,1,0.005,0,5.2983
080111,2022,1,0.005,0,5.2983
080111,2023,1,0.005,0,5.2983
080112,2015,1,0.01,0,4.6052
080112,2016,1,0.01,0,4.6052
080112,2017,1,0.01,0,4.6052
080112,2018,1,0.01,0,4.6052
080112,2019,1,0.01,0,4.6052
080112,2020,1,0.01,0,4.6052
080112,2021,1,0.005,0,5.2983
080112,2022,1,0.005,0,5.2983
080112,2023,1,0.005,0,5.2983
080119,2015,1,0.01,0,4.6052
080119,2016,1,0.01,0,4.6052
080119,2017,1,0.01,0,4.6052
080119,2018,1,0.01,0,4.6052
080119,2019,1,0.01,0,4.6052
080119,2020,1,0.01,0,4.6052
080119,2021,1,0.005,0,5.2983
080119,2022,1,0.005,0,5.2983
080119,2023,1,0.005,0,5.2983
080121,2015,1,0.01,0,4.6052
080121,2016,1,0.01,0,4.6052
080121,2017,1,0.01,0,4.6052
080121,2018,1,0.01,0,4.6052
080121,2019,1,0.01,0,4.6052
080121,2020,1,0.01,0,4.6052
080121,2021,1,0.005,0,5.2983
080121,2022,1,0.005,0,5.2983
080121,2023,1,0.005,0,5.2983
080122,2015,1,0.01,0,4.6052
080122,2016,1,0.01,0,4.6052
080122,2017,1,0.01,0,4.6052
080122,2018,1,0.01,0,4.6052
080122,2019,1,0.01,0,4.6052
080122,2020,1,0.01,0,4.6052
080122,2021,1,0.005,0,5.2983
080122,2022,1,0.005,0,5.2983
080122,2023,1,0.005,0,5.2983
080131,2015,1,0.01,0,4.6052
080131,2016,1,0.01,0,4.6052
080131,2017,1,0.01,0,4.6052
080131,2018,1,0.01,0,4.6052
080131,2019,1,0.01,0,4.6052
080131,2020,1,0.01,0,4.6052
080131,2021,1,0.005,0,5.2983
080131,2022,1,0.005,0,5.2983
080131,2023,1,0.005,0,5.2983
080132,2015,1,0.01,0,4.6052
080132,2016,1,0.01,0,4.6052
080132,2017,1,0.01,0,4.6052
080132,2018,1,0.01,0,4.6052
080132,2019,1,0.01,0,4.6052
080132,2020,1,0.01,0,4.6052
080132,2021,1,0.005,0,5.2983
080132,2022,1,0.005,0,5.2983
080132,2023,1,0.005,0,5.2983
080211,2015,1,0.01,0,4.6052
080211,2016,1,0.01,0,4.6052
080211,2017,1,0.01,0,4.6052
080211,2018,1,0.01,0,4.6052
080211,2019,1,0.01,0,4.6052
080211,2020,1,0.01,0,4.6052
080211,2021,1,0.005,0,5.2983
080211,2022,1,0.005,0,5.2983
080211,2023,1,0.005,0,5.2983
080212,2015,1,0.01,0,4.6052
080212,2016,1,0.01,0,4.6052
080212,2017,1,0.01,0,4.6052
080212,2018,1,0.01,0,4.6052
080212,2019,1,0.01,0,4.6052
080212,2020,1,0.01,0,4.6052
080212,2021,1,0.005,0,5.2983
080212,2022,1,0.005,0,5.2983
080212,2023,1,0.005,0,5.2983
080221,2015,1,0.01,0,4.6052
080221,2016,1,0.01,0,4.6052
080221,2017,1,0.01,0,4.6052
080221,2018,1,0.01,0,4.6052
080221,2019,1,0.01,0,4.6052
080221,2020,1,0.01,0,4.6052
080221,2021,1,0.005,0,5.2983
080221,2022,1,0.005,0,5.2983
080221,2023,1,0.005,0,5.2983
080222,2015,1,0.01,0,4.6052
080222,2016,1,0.01,0,4.6052
080222,2017,1,0.01,0,4.6052
080222,2018,1,0.01,0,4.6052
080222,2019,1,0.01,0,4.6052
080222,2020,1,0.01,0,4.6052
080222,2021,1,0.005,0,5.2983
080222,2022,1,0.005,0,5.2983
080222,2023,1,0.005,0,5.2983
080231,2015,1,0.01,0,4.6052
080231,2016,1,0.01,0,4.6052
080231,2017,1,0.01,0,4.6052
080231,2018,1,0.01,0,4.6052
080231,2019,1,0.01,0,4.6052
080231,2020,1,0.01,0,4.6052
080231,2021,1,0.005,0,5.2983
080231,2022,1,0.005,0,5.2983
080231,2023,1,0.005,0,5.2983
080232,2015,1,0.01,0,4.6052
080232,2016,1,0.01,0,4.6052
080232,2017,1,0.01,0,4.6052
080232,2018,1,0.01,0,4.6052
080232,2019,1,0.01,0,4.6052
080232,2020,1,0.01,0,4.6052
080232,2021,1,0.005,0,5.2983
080232,2022,1,0.005,0,5.2983
080232,2023,1,0.005,0,5.2983
080241,2015,1,0.01,0,4.6052
080241,2016,1,0.01,0,4.6052
080241,2017,1,0.01,0,4.6052
080241,2018,1,0.01,0,4.6052
080241,2019,1,0.01,0,4.6052
080241,2020,1,0.01,0,4.6052
080241,2021,1,0.005,0,5.2983
080241,2022,1,0.005,0,5.2983
080241,2023,1,0.005,0,5.2983
080242,2015,1,0.01,0,4.6052
080242,2016,1,0.01,0,4.6052
080242,2017,1,0.01,0,4.6052
080242,2018,1,0.01,0,4.6052
080242,2019,1,0.01,0,4.6052
080242,2020,1,0.01,0,4.6052
080242,2021,1,0.005,0,5.2983
080242,2022,1,0.005,0,5.2983
080242,2023,1,0.005,0,5.2983
080251,2015,1,0.01,0,4.6052
080251,2016,1,0.01,0,4.6052
080251,2017,1,0.01,0,4.6052
080251,2018,1,0.01,0,4.6052
080251,2019,1,0.01,0,4.6052
080251,2020,1,0.01,0,4.6052
080251,2021,1,0.005,0,5.2983
080251,2022,1,0.005,0,5.2983
080251,2023,1,0.005,0,5.2983
080252,2015,1,0.01,0,4.6052
080252,2016,1,0.01,0,4.6052
080252,2017,1,0.01,0,4.6052
080252,2018,1,0.01,0,4.6052
080252,2019,1,0.01,0,4.6052
080252,2020,1,0.01,0,4.6052
080252,2021,1,0.005,0,5.2983
080252,2022,1,0.005,0,5.2983
080252,2023,1,0.005,0,5.2983
080261,2015,1,0.01,0,4.6052
080261,2016,1,0.01,0,4.6052
080261,2017,1,0.01,0,4.6052
080261,2018,1,0.01,0,4.6052
080261,2019,1,0.01,0,4.6052
080261,2020,1,0.01,0,4.6052
080261,2021,1,0.005,0,5.2983
080261,2022,1,0.005,0,5.2983
080261,2023,1,0.005,0,5.2983
080262,2015,1,0.01,0,4.6052
080262,2016,1,0.01,0,4.6052
080262,2017,1,0.01,0,4.6052
080262,2018,1,0.01,0,4.6052
080262,2019,1,0.01,0,4.6052
080262,2020,1,0.01,0,4.6052
080262,2021,1,0.005,0,5.2983
080262,2022,1,0.005,0,5.2983
080262,2023,1,0.005,0,5.2983
080390,2015,1,0.01,0,4.6052
080390,2016,1,0.005,0,5.2983
080390,2017,1,0.005,0,5.2983
080390,2018,1,0.005,0,5.2983
080390,2019,1,0.005,0,5.2983
080390,2020,1,0.005,0,5.2983
080390,2021,1,0.005,0,5.2983
080390,2022,1,0.001,0,6.9078
080390,2023,1,0.001,0,6.9078
080410,2015,1,0.01,0,4.6052
080410,2016,1,0.003,0,5.8091
080410,2017,1,0.003,0,5.8091
080410,2018,1,0.003,0,5.8091
080410,2019,1,0.003,0,5.8091
080410,2020,1,0.003,0,5.8091
080410,2021,1,0.003,0,5.8091
080410,2022,1,0.001,0,6.9078
080410,2023,1,0.001,0,6.9078
080420,2015,1,0.01,0,4.6052
080420,2016,1,0.003,0,5.8091
080420,2017,1,0.003,0,5.8091
080420,2018,1,0.003,0,5.8091
080420,2019,1,0.003,0,5.8091
080420,2020,1,0.003,0,5.8091
080420,2021,1,0.003,0,5.8091
080420,2022,1,0.001,0,6.9078
080420,2023,1,0.001,0,6.9078
080430,2015,1,0.01,0,4.6052
080430,2016,1,0.005,0,5.2983
080430,2017,1,0.005,0,5.2983
080430,2018,1,0.005,0,5.2983
080430,2019,1,0.005,0,5.2983
080430,2020,1,0.005,0,5.2983
080430,2021,1,0.005,0,5.2983
080430,2022,1,0.001,0,6.9078
080430,2023,1,0.001,0,6.9078
080440,2015,1,0.01,0,4.6052
080440,2016,1,0.005,0,5.2983
080440,2017,1,0.005,0,5.2983
080440,2018,1,0.005,0,5.2983
080440,2019,1,0.005,0,5.2983
080440,2020,1,0.005,0,5.2983
080440,2021,1,0.005,0,5.2983
080440,2022,1,0.005,0,5.2983
080440,2023,1,0.005,0,5.2983
080450,2015,1,0.01,0,4.6052
080450,2016,1,0.005,0,5.2983
080450,2017,1,0.005,0,5.2983
080450,2018,1,0.005,0,5.2983
080450,2019,1,0.005,0,5.2983
080450,2020,1,0.005,0,5.2983
080450,2021,1,0.005,0,5.2983
080450,2022,1,0.001,0,6.9078
080450,2023,1,0.001,0,6.9078
080510,2015,1,0.01,0,4.6052
080510,2016,1,0.01,0,4.6052
080510,2017,1,0.01,0,4.6052
080510,2018,1,0.01,0,4.6052
080510,2019,1,0.01,0,4.6052
080510,2020,1,0.01,0,4.6052
080510,2021,1,0.005,0,5.2983
080510,2022,1,0.001,0,6.9078
080510,2023,1,0.001,0,6.9078
080520,2015,1,0.01,0,4.6052
080520,2016,1,0.01,0,4.6052
080520,2017,1,0.01,0,4.6052
080520,2018,1,0.01,0,4.6052
080520,2019,1,0.01,0,4.6052
080520,2020,1,0.01,0,4.6052
080520,2021,1,0.005,0,5.2983
080520,2022,1,0.001,0,6.9078
080520,2023,1,0.001,0,6.9078
080540,2015,1,0.01,0,4.6052
080540,2016,1,0.01,0,4.6052
080540,2017,1,0.01,0,4.6052
080540,2018,1,0.01,0,4.6052
080540,2019,1,0.01,0,4.6052
080540,2020,1,0.01,0,4.6052
080540,2021,1,0.005,0,5.2983
080540,2022,1,0.001,0,6.9078
080540,2023,1,0.001,0,6.9078
080550,2015,1,0.01,0,4.6052
080550,2016,1,0.01,0,4.6052
080550,2017,1,0.01,0,4.6052
080550,2018,1,0.01,0,4.6052
080550,2019,1,0.01,0,4.6052
080550,2020,1,0.01,0,4.6052
080550,2021,1,0.005,0,5.2983
080550,2022,1,0.001,0,6.9078
080550,2023,1,0.001,0,6.9078
080610,2015,1,0.01,0,4.6052
080610,2016,1,0.002,0,6.2146
080610,2017,1,0.002,0,6.2146
080610,2018,1,0.002,0,6.2146
080610,2019,1,0.002,0,6.2146
080610,2020,1,0.002,0,6.2146
080610,2021,1,0.002,0,6.2146
080610,2022,1,0.001,0,6.9078
080610,2023,1,0.001,0,6.9078
080711,2015,1,0.01,0,4.6052
080711,2016,1,0.005,0,5.2983
080711,2017,1,0.005,0,5.2983
080711,2018,1,0.005,0,5.2983
080711,2019,1,0.005,0,5.2983
080711,2020,1,0.005,0,5.2983
080711,2021,1,0.005,0,5.2983
080711,2022,1,0.001,0,6.9078
080711,2023,1,0.001,0,6.9078
080719,2015,1,0.01,0,4.6052
080719,2016,1,0.005,0,5.2983
080719,2017,1,0.005,0,5.2983
080719,2018,1,0.005,0,5.2983
080719,2019,1,0.005,0,5.2983
080719,2020,1,0.005,0,5.2983
080719,2021,1,0.005,0,5.2983
080719,2022,1,0.001,0,6.9078
080719,2023,1,0.001,0,6.9078
080720,2015,1,0.01,0,4.6052
080720,2016,1,0.005,0,5.2983
080720,2017,1,0.005,0,5.2983
080720,2018,1,0.005,0,5.2983
080720,2019,1,0.005,0,5.2983
080720,2020,1,0.005,0,5.2983
080720,2021,1,0.005,0,5.2983
080720,2022,1,0.001,0,6.9078
080720,2023,1,0.001,0,6.9078
080810,2015,1,0.01,0,4.6052
080810,2016,1,0.001,0,6.9078
080810,2017,1,0.001,0,6.9078
080810,2018,1,0.001,0,6.9078
080810,2019,1,0.001,0,6.9078
080810,2020,1,0.001,0,6.9078
080810,2021,1,0.001,0,6.9078
080810,2022,1,0.001,0,6.9078
080810,2023,1,0.001,0,6.9078
080830,2015,1,0.01,0,4.6052
080830,2016,1,0.001,0,6.9078
080830,2017,1,0.001,0,6.9078
080830,2018,1,0.001,0,6.9078
080830,2019,1,0.001,0,6.9078
080830,2020,1,0.001,0,6.9078
080830,2021,1,0.001,0,6.9078
080830,2022,1,0.001,0,6.9078
080830,2023,1,0.001,0,6.9078
080840,2015,1,0.01,0,4.6052
080840,2016,1,0.001,0,6.9078
080840,2017,1,0.001,0,6.9078
080840,2018,1,0.001,0,6.9078
080840,2019,1,0.001,0,6.9078
080840,2020,1,0.001,0,6.9078
080840,2021,1,0.001,0,6.9078
080840,2022,1,0.001,0,6.9078
080840,2023,1,0.001,0,6.9078
080910,2015,1,0.01,0,4.6052
080910,2016,1,0.002,0,6.2146
080910,2017,1,0.002,0,6.2146
080910,2018,1,0.002,0,6.2146
080910,2019,1,0.002,0,6.2146
080910,2020,1,0.002,0,6.2146
080910,2021,1,0.002,0,6.2146
080910,2022,1,0.001,0,6.9078
080910,2023,1,0.001,0,6.9078
080929,2015,1,0.01,0,4.6052
080929,2016,1,0.002,0,6.2146
080929,2017,1,0.002,0,6.2146
080929,2018,1,0.002,0,6.2146
080929,2019,1,0.002,0,6.2146
080929,2020,1,0.002,0,6.2146
080929,2021,1,0.002,0,6.2146
080929,2022,1,0.001,0,6.9078
080929,2023,1,0.001,0,6.9078
080930,2015,1,0.01,0,4.6052
080930,2016,1,0.002,0,6.2146
080930,2017,1,0.002,0,6.2146
080930,2018,1,0.002,0,6.2146
080930,2019,1,0.002,0,6.2146
080930,2020,1,0.002,0,6.2146
080930,2021,1,0.002,0,6.2146
080930,2022,1,0.001,0,6.9078
080930,2023,1,0.001,0,6.9078
080940,2015,1,0.01,0,4.6052
080940,2016,1,0.002,0,6.2146
080940,2017,1,0.002,0,6.2146
080940,2018,1,0.002,0,6.2146
080940,2019,1,0.002,0,6.2146
080940,2020,1,0.002,0,6.2146
080940,2021,1,0.002,0,6.2146
080940,2022,1,0.001,0,6.9078
080940,2023,1,0.001,0,6.9078
081010,2015,1,0.01,0,4.6052
081010,2016,1,0.005,0,5.2983
081010,2017,1,0.005,0,5.2983
081010,2018,1,0.005,0,5.2983
081010,2019,1,0.005,0,5.2983
081010,2020,1,0.005,0,5.2983
081010,2021,1,0.005,0,5.2983
081010,2022,1,0.001,0,6.9078
081010,2023,1,0.001,0,6.9078
081020,2015,1,0.01,0,4.6052
081020,2016,1,0.01,0,4.6052
081020,2017,1,0.01,0,4.6052
081020,2018,1,0.01,0,4.6052
081020,2019,1,0.01,0,4.6052
081020,2020,1,0.01,0,4.6052
081020,2021,1,0.005,0,5.2983
081020,2022,1,0.001,0,6.9078
081020,2023,1,0.001,0,6.9078
081030,2015,1,0.01,0,4.6052
081030,2016,1,0.01,0,4.6052
081030,2017,1,0.01,0,4.6052
081030,2018,1,0.01,0,4.6052
081030,2019,1,0.01,0,4.6052
081030,2020,1,0.01,0,4.6052
081030,2021,1,0.005,0,5.2983
081030,2022,1,0.001,0,6.9078
081030,2023,1,0.001,0,6.9078
081040,2015,1,0.01,0,4.6052
081040,2016,1,0.01,0,4.6052
081040,2017,1,0.01,0,4.6052
081040,2018,1,0.01,0,4.6052
081040,2019,1,0.01,0,4.6052
081040,2020,1,0.01,0,4.6052
081040,2021,1,0.005,0,5.2983
081040,2022,1,0.001,0,6.9078
081040,2023,1,0.001,0,6.9078
081050,2015,1,0.01,0,4.6052
081050,2016,1,0.005,0,5.2983
081050,2017,1,0.005,0,5.2983
081050,2018,1,0.005,0,5.2983
081050,2019,1,0.005,0,5.2983
081050,2020,1,0.005,0,5.2983
081050,2021,1,0.005,0,5.2983
081050,2022,1,0.001,0,6.9078
081050,2023,1,0.001,0,6.9078
081060,2015,1,0.01,0,4.6052
081060,2016,1,0.005,0,5.2983
081060,2017,1,0.005,0,5.2983
081060,2018,1,0.005,0,5.2983
081060,2019,1,0.005,0,5.2983
081060,2020,1,0.005,0,5.2983
081060,2021,1,0.005,0,5.2983
081060,2022,1,0.001,0,6.9078
081060,2023,1,0.001,0,6.9078
081070,2015,1,0.01,0,4.6052
081070,2016,1,0.003,0,5.8091
081070,2017,1,0.003,0,5.8091
081070,2018,1,0.003,0,5.8091
081070,2019,1,0.003,0,5.8091
081070,2020,1,0.003,0,5.8091
081070,2021,1,0.003,0,5.8091
081070,2022,1,0.001,0,6.9078
081070,2023,1,0.001,0,6.9078
090111,2015,1,0.01,0,4.6052
090111,2016,1,0.01,0,4.6052
090111,2017,1,0.01,0,4.6052
090111,2018,1,0.01,0,4.6052
090111,2019,1,0.01,0,4.6052
090111,2020,1,0.01,0,4.6052
090111,2021,1,0.005,0,5.2983
090111,2022,1,0.005,0,5.2983
090111,2023,1,0.005,0,5.2983
090112,2015,1,0.01,0,4.6052
090112,2016,1,0.01,0,4.6052
090112,2017,1,0.01,0,4.6052
090112,2018,1,0.01,0,4.6052
090112,2019,1,0.01,0,4.6052
090112,2020,1,0.01,0,4.6052
090112,2021,1,0.005,0,5.2983
090112,2022,1,0.005,0,5.2983
090112,2023,1,0.005,0,5.2983
090210,2015,1,0.01,0,4.6052
090210,2016,1,0.01,0,4.6052
090210,2017,1,0.01,0,4.6052
090210,2018,1,0.01,0,4.6052
090210,2019,1,0.01,0,4.6052
090210,2020,1,0.01,0,4.6052
090210,2021,1,0.005,0,5.2983
090210,2022,1,0.005,0,5.2983
090210,2023,1,0.005,0,5.2983
090220,2015,1,0.01,0,4.6052
090220,2016,1,0.01,0,4.6052
090220,2017,1,0.01,0,4.6052
090220,2018,1,0.01,0,4.6052
090220,2019,1,0.01,0,4.6052
090220,2020,1,0.01,0,4.6052
090220,2021,1,0.005,0,5.2983
090220,2022,1,0.005,0,5.2983
090220,2023,1,0.005,0,5.2983
090230,2015,1,0.01,0,4.6052
090230,2016,1,0.01,0,4.6052
090230,2017,1,0.01,0,4.6052
090230,2018,1,0.01,0,4.6052
090230,2019,1,0.01,0,4.6052
090230,2020,1,0.01,0,4.6052
090230,2021,1,0.005,0,5.2983
090230,2022,1,0.005,0,5.2983
090230,2023,1,0.005,0,5.2983
090240,2015,1,0.01,0,4.6052
090240,2016,1,0.01,0,4.6052
090240,2017,1,0.01,0,4.6052
090240,2018,1,0.01,0,4.6052
090240,2019,1,0.01,0,4.6052
090240,2020,1,0.01,0,4.6052
090240,2021,1,0.005,0,5.2983
090240,2022,1,0.005,0,5.2983
090240,2023,1,0.005,0,5.2983
090300,2015,1,0.01,0,4.6052
090300,2016,1,0.01,0,4.6052
090300,2017,1,0.01,0,4.6052
090300,2018,1,0.01,0,4.6052
090300,2019,1,0.01,0,4.6052
090300,2020,1,0.01,0,4.6052
090300,2021,1,0.005,0,5.2983
090300,2022,1,0.005,0,5.2983
090300,2023,1,0.005,0,5.2983
090411,2015,1,0.01,0,4.6052
090411,2016,1,0.01,0,4.6052
090411,2017,1,0.01,0,4.6052
090411,2018,1,0.01,0,4.6052
090411,2019,1,0.01,0,4.6052
090411,2020,1,0.01,0,4.6052
090411,2021,1,0.005,0,5.2983
090411,2022,1,0.005,0,5.2983
090411,2023,1,0.005,0,5.2983
090412,2015,1,0.01,0,4.6052
090412,2016,1,0.01,0,4.6052
090412,2017,1,0.01,0,4.6052
090412,2018,1,0.01,0,4.6052
090412,2019,1,0.01,0,4.6052
090412,2020,1,0.01,0,4.6052
090412,2021,1,0.005,0,5.2983
090412,2022,1,0.005,0,5.2983
090412,2023,1,0.005,0,5.2983
090421,2015,1,0.01,0,4.6052
090421,2016,1,0.002,0,6.2146
090421,2017,1,0.002,0,6.2146
090421,2018,1,0.002,0,6.2146
090421,2019,1,0.002,0,6.2146
090421,2020,1,0.002,0,6.2146
090421,2021,1,0.002,0,6.2146
090421,2022,1,0.001,0,6.9078
090421,2023,1,0.001,0,6.9078
090422,2015,1,0.01,0,4.6052
090422,2016,1,0.002,0,6.2146
090422,2017,1,0.002,0,6.2146
090422,2018,1,0.002,0,6.2146
090422,2019,1,0.002,0,6.2146
090422,2020,1,0.002,0,6.2146
090422,2021,1,0.002,0,6.2146
090422,2022,1,0.001,0,6.9078
090422,2023,1,0.001,0,6.9078
090510,2015,1,0.01,0,4.6052
090510,2016,1,0.01,0,4.6052
090510,2017,1,0.01,0,4.6052
090510,2018,1,0.01,0,4.6052
090510,2019,1,0.01,0,4.6052
090510,2020,1,0.01,0,4.6052
090510,2021,1,0.005,0,5.2983
090510,2022,1,0.005,0,5.2983
090510,2023,1,0.005,0,5.2983
090520,2015,1,0.01,0,4.6052
090520,2016,1,0.01,0,4.6052
090520,2017,1,0.01,0,4.6052
090520,2018,1,0.01,0,4.6052
090520,2019,1,0.01,0,4.6052
090520,2020,1,0.01,0,4.6052
090520,2021,1,0.005,0,5.2983
090520,2022,1,0.005,0,5.2983
090520,2023,1,0.005,0,5.2983
090611,2015,1,0.01,0,4.6052
090611,2016,1,0.01,0,4.6052
090611,2017,1,0.01,0,4.6052
090611,2018,1,0.01,0,4.6052
090611,2019,1,0.01,0,4.6052
090611,2020,1,0.01,0,4.6052
090611,2021,1,0.005,0,5.2983
090611,2022,1,0.005,0,5.2983
090611,2023,1,0.005,0,5.2983
090619,2015,1,0.01,0,4.6052
090619,2016,1,0.01,0,4.6052
090619,2017,1,0.01,0,4.6052
090619,2018,1,0.01,0,4.6052
090619,2019,1,0.01,0,4.6052
090619,2020,1,0.01,0,4.6052
090619,2021,1,0.005,0,5.2983
090619,2022,1,0.005,0,5.2983
090619,2023,1,0.005,0,5.2983
090620,2015,1,0.01,0,4.6052
090620,2016,1,0.01,0,4.6052
090620,2017,1,0.01,0,4.6052
090620,2018,1,0.01,0,4.6052
090620,2019,1,0.01,0,4.6052
090620,2020,1,0.01,0,4.6052
090620,2021,1,0.005,0,5.2983
090620,2022,1,0.005,0,5.2983
090620,2023,1,0.005,0,5.2983
090710,2015,1,0.01,0,4.6052
090710,2016,1,0.01,0,4.6052
090710,2017,1,0.01,0,4.6052
090710,2018,1,0.01,0,4.6052
090710,2019,1,0.01,0,4.6052
090710,2020,1,0.01,0,4.6052
090710,2021,1,0.005,0,5.2983
090710,2022,1,0.005,0,5.2983
090710,2023,1,0.005,0,5.2983
090720,2015,1,0.01,0,4.6052
090720,2016,1,0.01,0,4.6052
090720,2017,1,0.01,0,4.6052
090720,2018,1,0.01,0,4.6052
090720,2019,1,0.01,0,4.6052
090720,2020,1,0.01,0,4.6052
090720,2021,1,0.005,0,5.2983
090720,2022,1,0.005,0,5.2983
090720,2023,1,0.005,0,5.2983
090811,2015,1,0.01,0,4.6052
090811,2016,1,0.01,0,4.6052
090811,2017,1,0.01,0,4.6052
090811,2018,1,0.01,0,4.6052
090811,2019,1,0.01,0,4.6052
090811,2020,1,0.01,0,4.6052
090811,2021,1,0.005,0,5.2983
090811,2022,1,0.005,0,5.2983
090811,2023,1,0.005,0,5.2983
090812,2015,1,0.01,0,4.6052
090812,2016,1,0.01,0,4.6052
090812,2017,1,0.01,0,4.6052
090812,2018,1,0.01,0,4.6052
090812,2019,1,0.01,0,4.6052
090812,2020,1,0.01,0,4.6052
090812,2021,1,0.005,0,5.2983
090812,2022,1,0.005,0,5.2983
090812,2023,1,0.005,0,5.2983
090821,2015,1,0.01,0,4.6052
090821,2016,1,0.01,0,4.6052
090821,2017,1,0.01,0,4.6052
090821,2018,1,0.01,0,4.6052
090821,2019,1,0.01,0,4.6052
090821,2020,1,0.01,0,4.6052
090821,2021,1,0.005,0,5.2983
090821,2022,1,0.005,0,5.2983
090821,2023,1,0.005,0,5.2983
090822,2015,1,0.01,0,4.6052
090822,2016,1,0.01,0,4.6052
090822,2017,1,0.01,0,4.6052
090822,2018,1,0.01,0,4.6052
090822,2019,1,0.01,0,4.6052
090822,2020,1,0.01,0,4.6052
090822,2021,1,0.005,0,5.2983
090822,2022,1,0.005,0,5.2983
090822,2023,1,0.005,0,5.2983
090831,2015,1,0.01,0,4.6052
090831,2016,1,0.01,0,4.6052
090831,2017,1,0.01,0,4.6052
090831,2018,1,0.01,0,4.6052
090831,2019,1,0.01,0,4.6052
090831,2020,1,0.01,0,4.6052
090831,2021,1,0.005,0,5.2983
090831,2022,1,0.005,0,5.2983
090831,2023,1,0.005,0,5.2983
090832,2015,1,0.01,0,4.6052
090832,2016,1,0.01,0,4.6052
090832,2017,1,0.01,0,4.6052
090832,2018,1,0.01,0,4.6052
090832,2019,1,0.01,0,4.6052
090832,2020,1,0.01,0,4.6052
090832,2021,1,0.005,0,5.2983
090832,2022,1,0.005,0,5.2983
090832,2023,1,0.005,0,5.2983
090921,2015,1,0.01,0,4.6052
090921,2016,1,0.01,0,4.6052
090921,2017,1,0.01,0,4.6052
090921,2018,1,0.01,0,4.6052
090921,2019,1,0.01,0,4.6052
090921,2020,1,0.01,0,4.6052
090921,2021,1,0.005,0,5.2983
090921,2022,1,0.005,0,5.2983
090921,2023,1,0.005,0,5.2983
090922,2015,1,0.01,0,4.6052
090922,2016,1,0.01,0,4.6052
090922,2017,1,0.01,0,4.6052
090922,2018,1,0.01,0,4.6052
090922,2019,1,0.01,0,4.6052
090922,2020,1,0.01,0,4.6052
090922,2021,1,0.005,0,5.2983
090922,2022,1,0.005,0,5.2983
090922,2023,1,0.005,0,5.2983
090931,2015,1,0.01,0,4.6052
090931,2016,1,0.01,0,4.6052
090931,2017,1,0.01,0,4.6052
090931,2018,1,0.01,0,4.6052
090931,2019,1,0.01,0,4.6052
090931,2020,1,0.01,0,4.6052
090931,2021,1,0.005,0,5.2983
090931,2022,1,0.005,0,5.2983
090931,2023,1,0.005,0,5.2983
090932,2015,1,0.01,0,4.6052
090932,2016,1,0.01,0,4.6052
090932,2017,1,0.01,0,4.6052
090932,2018,1,0.01,0,4.6052
090932,2019,1,0.01,0,4.6052
090932,2020,1,0.01,0,4.6052
090932,2021,1,0.005,0,5.2983
090932,2022,1,0.005,0,5.2983
090932,2023,1,0.005,0,5.2983
090961,2015,1,0.01,0,4.6052
090961,2016,1,0.01,0,4.6052
090961,2017,1,0.01,0,4.6052
090961,2018,1,0.01,0,4.6052
090961,2019,1,0.01,0,4.6052
090961,2020,1,0.01,0,4.6052
090961,2021,1,0.005,0,5.2983
090961,2022,1,0.005,0,5.2983
090961,2023,1,0.005,0,5.2983
090962,2015,1,0.01,0,4.6052
090962,2016,1,0.01,0,4.6052
090962,2017,1,0.01,0,4.6052
090962,2018,1,0.01,0,4.6052
090962,2019,1,0.01,0,4.6052
090962,2020,1,0.01,0,4.6052
090962,2021,1,0.005,0,5.2983
090962,2022,1,0.005,0,5.2983
090962,2023,1,0.005,0,5.2983
091020,2015,1,0.01,0,4.6052
091020,2016,1,0.01,0,4.6052
091020,2017,1,0.01,0,4.6052
091020,2018,1,0.01,0,4.6052
091020,2019,1,0.01,0,4.6052
091020,2020,1,0.01,0,4.6052
091020,2021,1,0.005,0,5.2983
091020,2022,1,0.005,0,5.2983
091020,2023,1,0.005,0,5.2983
091030,2015,1,0.01,0,4.6052
091030,2016,1,0.01,0,4.6052
091030,2017,1,0.01,0,4.6052
091030,2018,1,0.01,0,4.6052
091030,2019,1,0.01,0,4.6052
091030,2020,1,0.01,0,4.6052
091030,2021,1,0.005,0,5.2983
091030,2022,1,0.005,0,5.2983
091030,2023,1,0.005,0,5.2983
100111,2015,1,0.01,0,4.6052
100111,2016,1,0.005,0,5.2983
100111,2017,1,0.005,0,5.2983
100111,2018,1,0.001,0,6.9078
100111,2019,1,0.001,0,6.9078
100111,2020,1,0.001,0,6.9078
100111,2021,1,0.001,0,6.9078
100111,2022,1,0.001,0,6.9078
100111,2023,1,0.001,0,6.9078
100119,2015,1,0.01,0,4.6052
100119,2016,1,0.005,0,5.2983
100119,2017,1,0.005,0,5.2983
100119,2018,1,0.001,0,6.9078
100119,2019,1,0.001,0,6.9078
100119,2020,1,0.001,0,6.9078
100119,2021,1,0.001,0,6.9078
100119,2022,1,0.001,0,6.9078
100119,2023,1,0.001,0,6.9078
100191,2015,1,0.01,0,4.6052
100191,2016,1,0.005,0,5.2983
100191,2017,1,0.005,0,5.2983
100191,2018,1,0.001,0,6.9078
100191,2019,1,0.001,0,6.9078
100191,2020,1,0.001,0,6.9078
100191,2021,1,0.001,0,6.9078
100191,2022,1,0.001,0,6.9078
100191,2023,1,0.001,0,6.9078
100199,2015,1,0.01,0,4.6052
100199,2016,1,0.005,0,5.2983
100199,2017,1,0.005,0,5.2983
100199,2018,1,0.001,0,6.9078
100199,2019,1,0.001,0,6.9078
100199,2020,1,0.001,0,6.9078
100199,2021,1,0.001,0,6.9078
100199,2022,1,0.001,0,6.9078
100199,2023,1,0.001,0,6.9078
100210,2015,1,0.01,0,4.6052
100210,2016,1,0.005,0,5.2983
100210,2017,1,0.005,0,5.2983
100210,2018,1,0.001,0,6.9078
100210,2019,1,0.001,0,6.9078
100210,2020,1,0.001,0,6.9078
100210,2021,1,0.001,0,6.9078
100210,2022,1,0.001,0,6.9078
100210,2023,1,0.001,0,6.9078
100290,2015,1,0.01,0,4.6052
100290,2016,1,0.005,0,5.2983
100290,2017,1,0.005,0,5.2983
100290,2018,1,0.001,0,6.9078
100290,2019,1,0.001,0,6.9078
100290,2020,1,0.001,0,6.9078
100290,2021,1,0.001,0,6.9078
100290,2022,1,0.001,0,6.9078
100290,2023,1,0.001,0,6.9078
100310,2015,1,0.01,0,4.6052
100310,2016,1,0.005,0,5.2983
100310,2017,1,0.005,0,5.2983
100310,2018,1,0.001,0,6.9078
100310,2019,1,0.001,0,6.9078
100310,2020,1,0.001,0,6.9078
100310,2021,1,0.001,0,6.9078
100310,2022,1,0.001,0,6.9078
100310,2023,1,0.001,0,6.9078
100390,2015,1,0.01,0,4.6052
100390,2016,1,0.005,0,5.2983
100390,2017,1,0.005,0,5.2983
100390,2018,1,0.001,0,6.9078
100390,2019,1,0.001,0,6.9078
100390,2020,1,0.001,0,6.9078
100390,2021,1,0.001,0,6.9078
100390,2022,1,0.001,0,6.9078
100390,2023,1,0.001,0,6.9078
100410,2015,1,0.01,0,4.6052
100410,2016,1,0.005,0,5.2983
100410,2017,1,0.005,0,5.2983
100410,2018,1,0.001,0,6.9078
100410,2019,1,0.001,0,6.9078
100410,2020,1,0.001,0,6.9078
100410,2021,1,0.001,0,6.9078
100410,2022,1,0.001,0,6.9078
100410,2023,1,0.001,0,6.9078
100490,2015,1,0.01,0,4.6052
100490,2016,1,0.005,0,5.2983
100490,2017,1,0.005,0,5.2983
100490,2018,1,0.001,0,6.9078
100490,2019,1,0.001,0,6.9078
100490,2020,1,0.001,0,6.9078
100490,2021,1,0.001,0,6.9078
100490,2022,1,0.001,0,6.9078
100490,2023,1,0.001,0,6.9078
100510,2015,1,0.01,0,4.6052
100510,2016,1,0.005,0,5.2983
100510,2017,1,0.005,0,5.2983
100510,2018,1,0.001,0,6.9078
100510,2019,1,0.001,0,6.9078
100510,2020,1,0.001,0,6.9078
100510,2021,1,0.001,0,6.9078
100510,2022,1,0.001,0,6.9078
100510,2023,1,0.001,0,6.9078
100590,2015,1,0.01,0,4.6052
100590,2016,1,0.005,0,5.2983
100590,2017,1,0.005,0,5.2983
100590,2018,1,0.001,0,6.9078
100590,2019,1,0.001,0,6.9078
100590,2020,1,0.001,0,6.9078
100590,2021,1,0.001,0,6.9078
100590,2022,1,0.001,0,6.9078
100590,2023,1,0.001,0,6.9078
100610,2015,1,0.01,0,4.6052
100610,2016,1,0.005,0,5.2983
100610,2017,1,0.005,0,5.2983
100610,2018,1,0.001,0,6.9078
100610,2019,1,0.001,0,6.9078
100610,2020,1,0.001,0,6.9078
100610,2021,1,0.001,0,6.9078
100610,2022,1,0.001,0,6.9078
100610,2023,1,0.001,0,6.9078
100620,2015,1,0.01,0,4.6052
100620,2016,1,0.005,0,5.2983
100620,2017,1,0.005,0,5.2983
100620,2018,1,0.001,0,6.9078
100620,2019,1,0.001,0,6.9078
100620,2020,1,0.001,0,6.9078
100620,2021,1,0.001,0,6.9078
100620,2022,1,0.001,0,6.9078
100620,2023,1,0.001,0,6.9078
100630,2015,1,0.01,0,4.6052
100630,2016,1,0.005,0,5.2983
100630,2017,1,0.005,0,5.2983
100630,2018,1,0.001,0,6.9078
100630,2019,1,0.001,0,6.9078
100630,2020,1,0.001,0,6.9078
100630,2021,1,0.001,0,6.9078
100630,2022,1,0.001,0,6.9078
100630,2023,1,0.001,0,6.9078
100640,2015,1,0.01,0,4.6052
100640,2016,1,0.005,0,5.2983
100640,2017,1,0.005,0,5.2983
100640,2018,1,0.001,0,6.9078
100640,2019,1,0.001,0,6.9078
100640,2020,1,0.001,0,6.9078
100640,2021,1,0.001,0,6.9078
100640,2022,1,0.001,0,6.9078
100640,2023,1,0.001,0,6.9078
100710,2015,1,0.01,0,4.6052
100710,2016,1,0.005,0,5.2983
100710,2017,1,0.005,0,5.2983
100710,2018,1,0.001,0,6.9078
100710,2019,1,0.001,0,6.9078
100710,2020,1,0.001,0,6.9078
100710,2021,1,0.001,0,6.9078
100710,2022,1,0.001,0,6.9078
100710,2023,1,0.001,0,6.9078
100790,2015,1,0.01,0,4.6052
100790,2016,1,0.005,0,5.2983
100790,2017,1,0.005,0,5.2983
100790,2018,1,0.001,0,6.9078
100790,2019,1,0.001,0,6.9078
100790,2020,1,0.001,0,6.9078
100790,2021,1,0.001,0,6.9078
100790,2022,1,0.001,0,6.9078
100790,2023,1,0.001,0,6.9078
100810,2015,1,0.01,0,4.6052
100810,2016,1,0.005,0,5.2983
100810,2017,1,0.005,0,5.2983
100810,2018,1,0.001,0,6.9078
100810,2019,1,0.001,0,6.9078
100810,2020,1,0.001,0,6.9078
100810,2021,1,0.001,0,6.9078
100810,2022,1,0.001,0,6.9078
100810,2023,1,0.001,0,6.9078
100821,2015,1,0.01,0,4.6052
100821,2016,1,0.005,0,5.2983
100821,2017,1,0.005,0,5.2983
100821,2018,1,0.001,0,6.9078
100821,2019,1,0.001,0,6.9078
100821,2020,1,0.001,0,6.9078
100821,2021,1,0.001,0,6.9078
100821,2022,1,0.001,0,6.9078
100821,2023,1,0.001,0,6.9078
100829,2015,1,0.01,0,4.6052
100829,2016,1,0.005,0,5.2983
100829,2017,1,0.005,0,5.2983
100829,2018,1,0.001,0,6.9078
100829,2019,1,0.001,0,6.9078
100829,2020,1,0.001,0,6.9078
100829,2021,1,0.001,0,6.9078
100829,2022,1,0.001,0,6.9078
100829,2023,1,0.001,0,6.9078
120110,2015,1,0.01,0,4.6052
120110,2016,1,0.01,0,4.6052
120110,2017,1,0.01,0,4.6052
120110,2018,1,0.01,0,4.6052
120110,2019,1,0.01,0,4.6052
120110,2020,1,0.01,0,4.6052
120110,2021,1,0.005,0,5.2983
120110,2022,1,0.005,0,5.2983
120110,2023,1,0.005,0,5.2983
120190,2015,1,0.01,0,4.6052
120190,2016,1,0.01,0,4.6052
120190,2017,1,0.01,0,4.6052
120190,2018,1,0.01,0,4.6052
120190,2019,1,0.01,0,4.6052
120190,2020,1,0.01,0,4.6052
120190,2021,1,0.005,0,5.2983
120190,2022,1,0.005,0,5.2983
120190,2023,1,0.005,0,5.2983
120242,2015,1,0.01,0,4.6052
120242,2016,1,0.01,0,4.6052
120242,2017,1,0.01,0,4.6052
120242,2018,1,0.01,0,4.6052
120242,2019,1,0.01,0,4.6052
120242,2020,1,0.01,0,4.6052
120242,2021,1,0.005,0,5.2983
120242,2022,1,0.005,0,5.2983
120242,2023,1,0.005,0,5.2983
120400,2015,1,0.01,0,4.6052
120400,2016,1,0.01,0,4.6052
120400,2017,1,0.01,0,4.6052
120400,2018,1,0.01,0,4.6052
120400,2019,1,0.01,0,4.6052
120400,2020,1,0.01,0,4.6052
120400,2021,1,0.005,0,5.2983
120400,2022,1,0.005,0,5.2983
120400,2023,1,0.005,0,5.2983
120510,2015,1,0.01,0,4.6052
120510,2016,1,0.01,0,4.6052
120510,2017,1,0.01,0,4.6052
120510,2018,1,0.01,0,4.6052
120510,2019,1,0.01,0,4.6052
120510,2020,1,0.01,0,4.6052
120510,2021,1,0.005,0,5.2983
120510,2022,1,0.005,0,5.2983
120510,2023,1,0.005,0,5.2983
120590,2015,1,0.01,0,4.6052
120590,2016,1,0.01,0,4.6052
120590,2017,1,0.01,0,4.6052
120590,2018,1,0.01,0,4.6052
120590,2019,1,0.01,0,4.6052
120590,2020,1,0.01,0,4.6052
120590,2021,1,0.005,0,5.2983
120590,2022,1,0.005,0,5.2983
120590,2023,1,0.005,0,5.2983
120600,2015,1,0.01,0,4.6052
120600,2016,1,0.01,0,4.6052
120600,2017,1,0.01,0,4.6052
120600,2018,1,0.01,0,4.6052
120600,2019,1,0.01,0,4.6052
120600,2020,1,0.01,0,4.6052
120600,2021,1,0.005,0,5.2983
120600,2022,1,0.005,0,5.2983
120600,2023,1,0.005,0,5.2983
120710,2015,1,0.01,0,4.6052
120710,2016,1,0.01,0,4.6052
120710,2017,1,0.01,0,4.6052
120710,2018,1,0.01,0,4.6052
120710,2019,1,0.01,0,4.6052
120710,2020,1,0.01,0,4.6052
120710,2021,1,0.005,0,5.2983
120710,2022,1,0.005,0,5.2983
120710,2023,1,0.005,0,5.2983
120721,2015,1,0.01,0,4.6052
120721,2016,1,0.01,0,4.6052
120721,2017,1,0.01,0,4.6052
120721,2018,1,0.01,0,4.6052
120721,2019,1,0.01,0,4.6052
120721,2020,1,0.01,0,4.6052
120721,2021,1,0.005,0,5.2983
120721,2022,1,0.005,0,5.2983
120721,2023,1,0.005,0,5.2983
120729,2015,1,0.01,0,4.6052
120729,2016,1,0.01,0,4.6052
120729,2017,1,0.01,0,4.6052
120729,2018,1,0.01,0,4.6052
120729,2019,1,0.01,0,4.6052
120729,2020,1,0.01,0,4.6052
120729,2021,1,0.005,0,5.2983
120729,2022,1,0.005,0,5.2983
120729,2023,1,0.005,0,5.2983
120730,2015,1,0.01,0,4.6052
120730,2016,1,0.01,0,4.6052
120730,2017,1,0.01,0,4.6052
120730,2018,1,0.01,0,4.6052
120730,2019,1,0.01,0,4.6052
120730,2020,1,0.01,0,4.6052
120730,2021,1,0.005,0,5.2983
120730,2022,1,0.005,0,5.2983
120730,2023,1,0.005,0,5.2983
120740,2015,1,0.01,0,4.6052
120740,2016,1,0.01,0,4.6052
120740,2017,1,0.01,0,4.6052
120740,2018,1,0.01,0,4.6052
120740,2019,1,0.01,0,4.6052
120740,2020,1,0.01,0,4.6052
120740,2021,1,0.005,0,5.2983
120740,2022,1,0.005,0,5.2983
120740,2023,1,0.005,0,5.2983
120750,2015,1,0.01,0,4.6052
120750,2016,1,0.01,0,4.6052
120750,2017,1,0.01,0,4.6052
120750,2018,1,0.01,0,4.6052
120750,2019,1,0.01,0,4.6052
120750,2020,1,0.01,0,4.6052
120750,2021,1,0.005,0,5.2983
120750,2022,1,0.005,0,5.2983
120750,2023,1,0.005,0,5.2983
120760,2015,1,0.01,0,4.6052
120760,2016,1,0.01,0,4.6052
120760,2017,1,0.01,0,4.6052
120760,2018,1,0.01,0,4.6052
120760,2019,1,0.01,0,4.6052
120760,2020,1,0.01,0,4.6052
120760,2021,1,0.005,0,5.2983
120760,2022,1,0.005,0,5.2983
120760,2023,1,0.005,0,5.2983
120791,2015,1,0.01,0,4.6052
120791,2016,1,0.01,0,4.6052
120791,2017,1,0.01,0,4.6052
120791,2018,1,0.01,0,4.6052
120791,2019,1,0.01,0,4.6052
120791,2020,1,0.01,0,4.6052
120791,2021,1,0.005,0,5.2983
120791,2022,1,0.005,0,5.2983
120791,2023,1,0.005,0,5.2983
120799,2015,1,0.01,0,4.6052
120799,2016,1,0.01,0,4.6052
120799,2017,1,0.01,0,4.6052
120799,2018,1,0.01,0,4.6052
120799,2019,1,0.01,0,4.6052
120799,2020,1,0.01,0,4.6052
120799,2021,1,0.005,0,5.2983
120799,2022,1,0.005,0,5.2983
120799,2023,1,0.005,0,5.2983
121010,2015,1,0.01,0,4.6052
121010,2016,1,0.01,0,4.6052
121010,2017,1,0.01,0,4.6052
121010,2018,1,0.01,0,4.6052
121010,2019,1,0.01,0,4.6052
121010,2020,1,0.01,0,4.6052
121010,2021,1,0.005,0,5.2983
121010,2022,1,0.005,0,5.2983
121010,2023,1,0.005,0,5.2983
121221,2015,1,0.01,0,4.6052
121221,2016,1,0.005,0,5.2983
121221,2017,1,0.005,0,5.2983
121221,2018,1,0.005,0,5.2983
121221,2019,1,0.005,0,5.2983
121221,2020,1,0.005,0,5.2983
121221,2021,1,0.005,0,5.2983
121221,2022,1,0.001,0,6.9078
121221,2023,1,0.001,0,6.9078
121291,2015,1,0.01,0,4.6052
121291,2016,1,0.005,0,5.2983
121291,2017,1,0.005,0,5.2983
121291,2018,1,0.005,0,5.2983
121291,2019,1,0.005,0,5.2983
121291,2020,1,0.005,0,5.2983
121291,2021,1,0.005,0,5.2983
121291,2022,1,0.001,0,6.9078
121291,2023,1,0.001,0,6.9078
121292,2015,1,0.01,0,4.6052
121292,2016,1,0.01,0,4.6052
121292,2017,1,0.01,0,4.6052
121292,2018,1,0.01,0,4.6052
121292,2019,1,0.01,0,4.6052
121292,2020,1,0.01,0,4.6052
121292,2021,1,0.005,0,5.2983
121292,2022,1,0.005,0,5.2983
121292,2023,1,0.005,0,5.2983
121293,2015,1,0.01,0,4.6052
121293,2016,1,0.005,0,5.2983
121293,2017,1,0.005,0,5.2983
121293,2018,1,0.005,0,5.2983
121293,2019,1,0.005,0,5.2983
121293,2020,1,0.005,0,5.2983
121293,2021,1,0.005,0,5.2983
121293,2022,1,0.001,0,6.9078
121293,2023,1,0.001,0,6.9078
121294,2015,1,0.01,0,4.6052
121294,2016,1,0.005,0,5.2983
121294,2017,1,0.005,0,5.2983
121294,2018,1,0.005,0,5.2983
121294,2019,1,0.005,0,5.2983
121294,2020,1,0.005,0,5.2983
121294,2021,1,0.005,0,5.2983
121294,2022,1,0.001,0,6.9078
121294,2023,1,0.001,0,6.9078
180100,2015,1,0.01,0,4.6052
180100,2016,1,0.01,0,4.6052
180100,2017,1,0.01,0,4.6052
180100,2018,1,0.01,0,4.6052
180100,2019,1,0.01,0,4.6052
180100,2020,1,0.01,0,4.6052
180100,2021,1,0.005,0,5.2983
180100,2022,1,0.005,0,5.2983
180100,2023,1,0.005,0,5.2983
